,Initial,Month 0,Month 1,Month 2,Month 3,Month 4,Month 5,Month 6,Month 7,Month 8,Month 9,Month 10,Month 11,Month 12
S(0),221806,5638494,5681232,5721660,5760142,5797292,5835471,5872278,5907857,5941931,5974841,6006780,6037682,6069466,6100655
S(1),221677,273909,276318,278619,280826,282959,285020,287018,288959,290831,292649,294423,296148,297826,299457
S(2),221677,155234,153913,152545,151142,149717,148272,146816,145351,143873,142392,140912,139432,137954,136479
"I(0, 1, 0)",221677,218400,220318,222149,223907,225606,227249,228841,230390,231884,233336,234752,236131,237472,238777
"I(0, 1, 1)",221677,147381,142391,137607,133018,128616,124388,120325,116419,112655,109032,105544,102184,98945,95822
"I(0, 1, 2)",221677,155088,153713,152291,150834,149354,147854,146341,144818,143281,141738,140196,138651,137107,135563
"I(1, 0, 0)",221677,355596,358824,361909,364874,367743,370517,373209,375827,378355,380812,383212,385548,387821,390033
"I(1, 0, 1)",221677,147607,142719,138030,133532,129216,125070,121087,117259,113570,110020,106605,103317,100149,97096
"I(1, 0, 2)",221677,159104,159289,159400,159451,159451,159403,159314,159188,159018,158814,158583,158321,158031,157713
"I(1, 1, 0)",221677,150076,146435,142881,139418,136049,132772,129587,126492,123478,120549,117706,114944,112261,109655
"I(1, 1, 1)",221677,147560,142658,137955,133440,129106,124938,120930,117071,113349,109759,106299,102960,99735,96620
"I(1, 1, 2)",221677,160184,160772,161284,161733,162129,162474,162774,163035,163248,163424,163567,163678,163755,163801
"U(0, 1, 0, 0)",221677,678827,684397,689695,694763,699647,704351,708900,713312,717552,721661,725661,729545,733313,736967
"U(0, 1, 0, 1)",221677,159927,161894,163246,164109,164580,164727,164609,164272,163743,163060,162252,161338,160335,159260
"U(0, 1, 0, 2)",221677,168568,169989,171217,172273,173175,174596,176067,177362,178480,179442,180261,180943,181495,181925
"U(0, 1, 1, 0)",221677,248358,251054,253655,256175,258629,261019,263353,265637,267857,270028,272159,274245,276286,278283
"U(0, 1, 1, 1)",221677,156511,155786,154970,154081,153136,152139,151101,150028,148916,147775,146611,145426,144220,142995
"U(0, 1, 1, 2)",221677,196689,198127,199440,200642,202052,203402,204658,205824,206893,207966,209311,210566,211732,212811
"U(0, 1, 2, 0)",221677,158473,159175,159541,159631,159493,159158,158656,158012,157235,156349,155370,154308,153173,151974
"U(0, 1, 2, 1)",221677,158594,159315,159703,159819,159711,159411,158948,158346,157612,156769,155833,154811,153711,152541
"U(0, 1, 2, 2)",221677,220617,222386,224010,225506,226890,228166,229488,230966,232329,233592,234765,235847,237314,238700
"U(0, 1, 3, 0)",221677,160972,162475,163688,164653,165410,165980,166387,166649,166770,166770,166662,166452,166148,165755
"U(0, 1, 3, 1)",221677,171803,173445,174806,175927,176841,178386,180050,181468,182654,183636,184436,185065,185535,185858
"U(0, 1, 3, 2)",221677,402785,405798,408668,411521,414271,416921,419485,421974,424367,426721,429087,431389,433626,435799
"U(0, 2, 0, 0)",221677,149052,144786,140693,136764,132993,129369,125886,122537,119310,116203,113215,110339,107569,104903
"U(0, 2, 0, 1)",221677,145807,139647,133921,128564,123532,118785,114294,110036,105984,102127,98452,94944,91592,88385
"U(0, 2, 0, 2)",221677,152196,149373,146627,143958,141368,138850,136402,134023,131701,129439,127237,125089,122994,120947
"U(0, 2, 1, 0)",221677,147066,141857,136891,132150,127622,123286,119133,115151,111323,107644,104109,100708,97434,94281
"U(0, 2, 1, 1)",221677,148671,144210,139942,135852,131931,128163,124540,121052,117685,114435,111300,108270,105340,102505
"U(0, 2, 1, 2)",221677,153308,150930,148614,146364,144184,142069,140021,138036,136106,134233,132418,130657,128946,127283
"U(0, 2, 2, 0)",221677,145877,139996,134442,129184,124194,119448,114927,110614,106488,102541,98765,95146,91676,88347
"U(0, 2, 2, 1)",221677,145793,139848,134246,128947,123926,119153,114608,110274,106129,102165,98373,94740,91256,87913
"U(0, 2, 2, 2)",221677,147326,142229,137369,132731,128299,124057,119994,116098,112352,108752,105294,101967,98764,95679
"U(0, 2, 3, 0)",221677,146210,140482,135067,129936,125068,120439,116031,111829,107812,103974,100305,96794,93430,90205
"U(0, 2, 3, 1)",221677,144127,137162,130686,124633,118958,113616,108578,103816,99302,95021,90959,87099,83428,79933
"U(0, 2, 3, 2)",221677,146850,141024,135630,130618,125949,121586,117505,113681,110087,106711,103539,100556,97750,95107
"U(1, 0, 0, 0)",221677,3518046,3549930,3580391,3609651,3637941,3665284,3691809,3717601,3742482,3766661,3790256,3813221,3835563,3857289
"U(1, 0, 0, 1)",221677,363112,367421,371596,375657,379628,383510,387314,391049,394695,398273,401795,405254,408651,411985
"U(1, 0, 0, 2)",221677,151131,148067,145029,142025,139067,136156,133297,130493,127736,125035,122392,119805,117273,114796
"U(1, 0, 1, 0)",221677,1888531,1914685,1940137,1964993,1989370,2013270,2036754,2059863,2082489,2104743,2126681,2148274,2169518,2190413
"U(1, 0, 1, 1)",221677,261139,265195,269178,273104,276986,280826,284631,288405,292134,295831,299504,303149,306764,310348
"U(1, 0, 1, 2)",221677,157880,157762,157528,157191,156766,156257,155674,155024,154302,153520,152686,151800,150867,149888
"U(1, 0, 2, 0)",221677,711541,724957,738195,751291,764285,777175,789981,802714,815329,827867,840346,852751,865079,877327
"U(1, 0, 2, 1)",221677,174892,175700,177243,178547,179643,180551,182072,183704,185094,186273,187262,188075,188726,189228
"U(1, 0, 2, 2)",221677,196432,198209,199762,201110,202274,203262,204090,205288,206646,207816,208814,209647,210966,212532
"U(1, 0, 3, 0)",221677,410867,419131,427377,435628,443908,452215,460562,468956,477371,485831,494348,502913,511524,520178
"U(1, 0, 3, 1)",221677,193275,194742,196110,197395,198635,200009,201315,202560,203733,204847,205909,206917,208027,209117
"U(1, 0, 3, 2)",221677,274105,276177,278117,279945,281732,283642,285466,287212,288866,290444,291955,293443,295044,296573
"U(1, 1, 0, 0)",221677,1158639,1172563,1186044,1199149,1211952,1224457,1236702,1248715,1260431,1271919,1283214,1294301,1305178,1315846
"U(1, 1, 0, 1)",221677,455832,460178,464382,468473,472481,476407,480267,484072,487797,491469,495102,498690,502232,505728
"U(1, 1, 0, 2)",221677,161696,163479,164988,166252,167296,168137,168792,169279,169600,169774,169817,169736,169539,169233
"U(1, 1, 1, 0)",221677,1338576,1359340,1379727,1399811,1419670,1439306,1458758,1478053,1497112,1516011,1534788,1553420,1571902,1590229
"U(1, 1, 1, 1)",221677,704487,712192,719695,727038,734266,741384,748416,755377,762231,769019,775763,782452,789087,795668
"U(1, 1, 1, 2)",221677,213089,214568,216189,217841,219383,220820,222159,223408,224557,225731,227069,228318,229479,230555
"U(1, 1, 2, 0)",221677,870119,884210,898139,911955,925710,939404,953065,966709,980286,993844,1007410,1020967,1034512,1048042
"U(1, 1, 2, 1)",221677,928490,937380,945982,954356,962564,970610,978531,986347,994013,1001582,1009087,1016515,1023868,1031147
"U(1, 1, 2, 2)",221677,457100,460612,463899,466991,469919,472914,476032,479009,481825,484507,487071,489514,491946,494566
"U(1, 1, 3, 0)",221677,1313206,1331181,1348872,1366358,1383724,1400977,1418163,1435312,1452353,1469366,1486394,1503417,1520436,1537451
"U(1, 1, 3, 1)",221677,2684872,2724799,2764061,2802812,2841222,2879299,2917132,2954784,2992101,3029244,3066300,3103225,3140020,3176681
"U(1, 1, 3, 2)",221677,1410536,1429232,1447517,1465474,1483192,1500676,1517973,1535115,1552024,1568782,1585435,1601960,1618357,1634625
"U(1, 2, 0, 0)",221677,157127,157090,156805,156318,155665,154873,153966,152965,151875,150719,149511,148258,146969,145652
"U(1, 2, 0, 1)",221677,153416,151727,149831,147807,145709,143567,141407,139244,137081,134931,132805,130703,128628,126581
"U(1, 2, 0, 2)",221677,146541,141205,136074,131149,126425,121893,117547,113380,109378,105538,101857,98324,94932,91676
"U(1, 2, 1, 0)",221677,195861,197029,197949,198648,199812,201327,202564,203552,204478,206564,208326,209789,210978,211915
"U(1, 2, 1, 1)",221677,174867,176187,177389,178489,179502,180441,181658,182778,183799,184735,185855,187070,188182,189200
"U(1, 2, 1, 2)",221677,154196,152372,150538,148705,146884,145075,143283,141513,139757,138024,136316,134633,132974,131339
"U(1, 2, 2, 0)",221677,157648,157486,157168,156730,156202,155601,154940,154233,153476,152682,151860,151010,150134,149233
"U(1, 2, 2, 1)",221677,173230,174915,176247,177284,178669,180719,182407,183783,184872,185714,186341,186770,187020,187109
"U(1, 2, 2, 2)",221677,155420,155021,154242,153178,151898,150445,148857,147161,145370,143507,141590,139628,137629,135603
"U(1, 2, 3, 0)",221677,186411,188069,189579,190960,192233,193403,194484,195485,196401,197498,198632,199674,200630,201690
"U(1, 2, 3, 1)",221677,159890,160812,161469,161932,162248,162446,162550,162576,162527,162420,162267,162071,161837,161569
"U(1, 2, 3, 2)",221677,161297,160303,161279,162265,164030,166005,167963,169908,171832,173742,175644,177536,179417,181287
"U(2, 0, 0, 0)",221677,248968,252357,255660,258891,262066,265185,268255,271283,274253,277181,280074,282927,285740,288513
"U(2, 0, 0, 1)",221677,151827,148860,145975,143170,140446,137796,135217,132706,130253,127860,125528,123252,121027,118853
"U(2, 0, 0, 2)",221677,160634,161459,162188,162831,163401,163901,164336,164713,165025,165282,165490,165648,165758,165821
"U(2, 0, 1, 0)",221677,145697,139614,133907,128535,123466,118668,114119,109800,105686,101769,98037,94476,91077,87829
"U(2, 0, 1, 1)",221677,152474,149928,147400,144900,142434,140004,137613,135262,132945,130666,128430,126233,124074,121952
"U(2, 0, 1, 2)",221677,156343,155473,154542,153563,152548,151499,150424,149328,148204,147062,145907,144739,143559,142367
"U(2, 0, 2, 0)",221677,152194,149627,147052,144481,141925,139387,136872,134384,131917,129479,127073,124699,122357,120045
"U(2, 0, 2, 1)",221677,147354,142106,137161,132484,128050,123831,119809,115970,112292,108768,105391,102148,99031,96033
"U(2, 0, 2, 2)",221677,146812,141378,136235,131356,126720,122303,118089,114064,110207,106513,102973,99577,96315,93181
"U(2, 0, 3, 0)",221677,147178,142131,137280,132618,128141,123836,119696,115716,111879,108184,104627,101201,97898,94712
"U(2, 0, 3, 1)",221677,149073,144966,140978,137108,133356,129717,126188,122765,119436,116205,113069,110022,107062,104184
"U(2, 0, 3, 2)",221677,149389,145474,141651,137924,134298,130769,127337,124001,120751,117591,114520,111535,108631,105806
"U(2, 1, 0, 0)",221677,157957,158080,158016,157792,157434,156956,156375,155706,154951,154128,153249,152321,151349,150341
"U(2, 1, 0, 1)",221677,167712,168845,170087,172416,174298,175792,176950,177814,178407,178766,178919,178883,178677,178315
"U(2, 1, 0, 2)",221677,171516,172584,174012,175258,176343,177273,178320,179844,181182,182353,183372,184243,184975,185574
"U(2, 1, 1, 0)",221677,153509,151439,149340,147237,145149,143080,141037,139022,137029,135063,133128,131222,129343,127492
"U(2, 1, 1, 1)",221677,222316,223988,225532,226966,228514,230125,231642,233070,234401,235649,236822,237945,239283,240538
"U(2, 1, 1, 2)",221677,214456,215969,217466,219140,220707,222170,223539,224819,226000,227098,228458,229735,230926,232034
"U(2, 1, 2, 0)",221677,169721,171041,172092,172905,174834,176579,178036,179231,180175,180896,181414,181741,181892,181878
"U(2, 1, 2, 1)",221677,160556,161760,162678,163387,163943,164378,164718,164984,165178,165319,165418,165478,165504,165499
"U(2, 1, 2, 2)",221677,156844,156502,155937,155219,154399,153504,152557,151577,150564,149536,148501,147463,146425,145389
"U(2, 1, 3, 0)",221677,163494,164562,166323,167837,169146,170272,171240,172068,172758,173330,173797,174163,174436,174619
"U(2, 1, 3, 1)",221677,222098,223864,225568,227104,228490,229735,231380,233084,234623,236016,237277,238407,239414,240302
"U(2, 1, 3, 2)",221677,178032,178757,180261,181630,182754,183657,185307,187076,188556,189782,190785,191581,192189,192624
"U(2, 2, 0, 0)",221677,151435,148352,145338,142397,139531,136735,134008,131349,128748,126209,123731,121310,118943,116629
"U(2, 2, 0, 1)",221677,147323,141887,136823,132079,127619,123406,119417,115632,112025,108588,105310,102177,99179,96307
"U(2, 2, 0, 2)",221677,148104,143511,139074,134794,130669,126691,122857,119162,115594,112153,108835,105634,102545,99563
"U(2, 2, 1, 0)",221677,144486,137704,131394,125493,119956,114740,109815,105157,100737,96541,92555,88763,85152,81711
"U(2, 2, 1, 1)",221677,153955,151831,149764,147758,145817,143937,142120,140363,138657,137005,135409,133863,132365,130913
"U(2, 2, 1, 2)",221677,148987,144613,140425,136422,132600,128952,125472,122154,118983,115958,113074,110323,107697,105191
"U(2, 2, 2, 0)",221677,147341,142309,137492,132878,128458,124215,120140,116225,112453,108821,105325,101956,98707,95572
"U(2, 2, 2, 1)",221677,145049,138557,132511,126851,121532,116514,111770,107274,103000,98936,95068,91381,87864,84504
"U(2, 2, 2, 2)",221677,142082,134013,126543,119599,113124,107067,101390,96061,91045,86322,81874,77677,73716,69973
"U(2, 2, 3, 0)",221677,145675,139619,133921,128547,123468,118656,114091,109755,105623,101688,97939,94361,90945,87681
"U(2, 2, 3, 1)",221677,144986,138519,132472,126795,121451,116404,111630,107106,102806,98719,94833,91131,87603,84237
"U(2, 2, 3, 2)",221677,143050,135363,128262,121676,115551,109840,104502,99507,94820,90419,86286,82399,78739,75290
"Z(0, 1, 0, 1, 0, 0)",221677,151746,149272,146694,144047,141359,138649,135933,133225,130527,127853,125213,122609,120044,117523
"Z(0, 1, 0, 1, 0, 1)",221677,157965,159131,159720,159842,159584,159006,158160,157088,155815,154373,152792,151086,149273,147368
"Z(0, 1, 0, 1, 0, 2)",221677,166273,167470,168479,169619,171247,172670,173906,174968,175860,176598,177199,177666,178007,178229
"Z(0, 1, 0, 1, 1, 0)",221677,155934,155342,154545,153577,152469,151238,149903,148480,146973,145397,143766,142084,140358,138594
"Z(0, 1, 0, 1, 1, 1)",221677,155085,153779,152400,150965,149488,147975,146433,144870,143279,141672,140052,138420,136777,135124
"Z(0, 1, 0, 1, 1, 2)",221677,192032,193352,194673,196107,197438,198668,199806,200858,202105,203411,204631,205763,206810,207772
"Z(0, 1, 0, 1, 2, 0)",221677,157181,157308,157133,156710,156083,155280,154329,153251,152053,150758,149381,147929,146411,144834
"Z(0, 1, 0, 1, 2, 1)",221677,157055,157119,156884,156404,155725,154877,153886,152776,151553,150238,148847,147387,145867,144292
"Z(0, 1, 0, 1, 2, 2)",221677,214976,216600,218084,219443,220693,222168,223609,224947,226172,227300,228554,230006,231353,232596
"Z(0, 1, 0, 1, 3, 0)",221677,159522,160418,161050,161458,161677,161728,161631,161405,161053,160593,160040,159397,158672,157871
"Z(0, 1, 0, 1, 3, 1)",221677,164671,165622,167843,169686,171186,172386,173324,174032,174522,174823,174956,174932,174765,174463
"Z(0, 1, 0, 1, 3, 2)",221677,376317,379188,381912,384514,387018,389427,391855,394240,396534,398759,400925,403030,405073,407162
"Z(0, 1, 1, 0, 0, 0)",221677,152981,151029,148951,146786,144565,142309,140039,137769,135504,133260,131048,128873,126740,124652
"Z(0, 1, 1, 0, 0, 1)",221677,158019,159201,159807,159947,159708,159150,158325,157274,156022,154603,153044,151361,149571,147689
"Z(0, 1, 1, 0, 0, 2)",221677,165677,166854,167854,169146,170704,172070,173262,174294,175166,175897,176499,176980,177344,177598
"Z(0, 1, 1, 0, 1, 0)",221677,157310,157275,157020,156579,155983,155249,154396,153441,152386,151249,150043,148773,147446,146069
"Z(0, 1, 1, 0, 1, 1)",221677,155129,153837,152473,151053,149591,148094,146570,145023,143450,141859,140258,138644,137019,135384
"Z(0, 1, 1, 0, 1, 2)",221677,188727,190075,191538,192889,194140,195296,196363,197614,198923,200142,201278,202332,203304,204196
"Z(0, 1, 1, 0, 2, 0)",221677,158576,159260,159629,159737,159626,159324,158859,158252,157511,156656,155705,154664,153542,152347
"Z(0, 1, 1, 0, 2, 1)",221677,157100,157179,156959,156495,155833,155001,154027,152934,151728,150432,149059,147617,146114,144558
"Z(0, 1, 1, 0, 2, 2)",221677,209880,211321,212623,214164,215653,217021,218279,219433,220749,222231,223603,224867,226026,227083
"Z(0, 1, 1, 0, 3, 0)",221677,161294,162866,164166,165234,166104,166796,167330,167724,167981,168119,168151,168082,167918,167666
"Z(0, 1, 1, 0, 3, 1)",221677,164885,165860,167944,169809,171331,172554,173516,174249,174764,175091,175251,175254,175114,174841
"Z(0, 1, 1, 0, 3, 2)",221677,340717,343347,345838,348213,350494,352684,354794,356961,359041,361053,363007,364899,366731,368644
"Z(0, 1, 1, 1, 0, 0)",221677,153461,151765,149923,147966,145925,143816,141656,139459,137228,134978,132718,130453,128186,125923
"Z(0, 1, 1, 1, 0, 1)",221677,158011,159187,159788,159924,159681,159119,158291,157237,155982,154560,152997,151311,149517,147630
"Z(0, 1, 1, 1, 0, 2)",221677,168250,169697,170968,172082,173058,174135,175604,176915,178067,179080,179966,180729,181376,181912
"Z(0, 1, 1, 1, 1, 0)",221677,158160,158464,158539,158419,158133,157698,157134,156454,155662,154774,153804,152756,151636,150450
"Z(0, 1, 1, 1, 1, 1)",221677,155126,153830,152463,151041,149578,148080,146555,145008,143435,141845,140245,138632,137009,135376
"Z(0, 1, 1, 1, 1, 2)",221677,196963,198558,200035,201407,202688,203880,204995,206325,207563,208722,209809,210824,211866,213107
"Z(0, 1, 1, 1, 2, 0)",221677,159455,160485,161194,161633,161846,161860,161702,161392,160939,160363,159681,158899,158026,157070
"Z(0, 1, 1, 1, 2, 1)",221677,157096,157171,156948,156481,155817,154984,154010,152917,151712,150416,149044,147604,146104,144551
"Z(0, 1, 1, 1, 2, 2)",221677,219137,220962,222647,224206,225657,227003,228254,229516,230942,232272,233515,234669,235739,237099
"Z(0, 1, 1, 1, 3, 0)",221677,163099,164377,166088,167563,168835,169923,170848,171626,172258,172765,173158,173443,173625,173711
"Z(0, 1, 1, 1, 3, 1)",221677,164870,165846,167931,169793,171314,172535,173497,174230,174747,175076,175238,175245,175108,174840
"Z(0, 1, 1, 1, 3, 2)",221677,398320,401333,404195,406929,409573,412226,414795,417290,419692,422022,424296,426537,428783,430968
"Z(0, 2, 0, 1, 0, 0)",221677,148516,144057,139769,135643,131671,127842,124149,120584,117133,113797,110570,107447,104421,101488
"Z(0, 2, 0, 1, 0, 1)",221677,145208,138799,132824,127226,121964,117000,112305,107856,103627,99605,95778,92130,88648,85323
"Z(0, 2, 0, 1, 0, 2)",221677,151558,148470,145469,142553,139724,136977,134310,131720,129196,126741,124355,122032,119769,117564
"Z(0, 2, 0, 1, 1, 0)",221677,147661,142777,138100,133617,129317,125188,121218,117400,113718,110169,106748,103447,100260,97181
"Z(0, 2, 0, 1, 1, 1)",221677,148830,144486,140314,136303,132446,128731,125150,121695,118353,115123,112000,108978,106051,103214
"Z(0, 2, 0, 1, 1, 2)",221677,154153,152157,150201,148290,146429,144615,142849,141132,139453,137818,136227,134676,133163,131687
"Z(0, 2, 0, 1, 2, 0)",221677,146175,140484,135091,129968,125095,120449,116015,111777,107715,103824,100096,96519,93084,89783
"Z(0, 2, 0, 1, 2, 1)",221677,145764,139850,134260,128961,123931,119143,114580,110225,106058,102071,98255,94598,91092,87726
"Z(0, 2, 0, 1, 2, 2)",221677,147678,142778,138093,133608,129313,125192,121237,117437,113777,110254,106863,103596,100446,97407
"Z(0, 2, 0, 1, 3, 0)",221677,146681,141236,136066,131147,126464,121996,117728,113649,109739,105992,102401,98956,95647,92468
"Z(0, 2, 0, 1, 3, 1)",221677,144158,137268,130839,124814,119153,113815,108774,104004,99478,95183,91104,87226,83535,80020
"Z(0, 2, 0, 1, 3, 2)",221677,147091,141452,136207,131316,126744,122461,118441,114664,111105,107754,104597,101620,98811,96160
"Z(0, 2, 1, 0, 0, 0)",221677,148363,143829,139471,135281,131251,127368,123626,120017,116527,113154,109896,106744,103693,100739
"Z(0, 2, 1, 0, 0, 1)",221677,145216,138812,132841,127248,121989,117028,112335,107889,103662,99643,95817,92170,88691,85367
"Z(0, 2, 1, 0, 0, 2)",221677,152203,149394,146657,143994,141408,138891,136444,134065,131741,129478,127274,125125,123028,120981
"Z(0, 2, 1, 0, 1, 0)",221677,147529,142578,137839,133299,128949,124773,120762,116906,113190,109611,106164,102841,99634,96537
"Z(0, 2, 1, 0, 1, 1)",221677,148848,144512,140347,136343,132493,128784,125209,121760,118423,115197,112079,109061,106138,103305
"Z(0, 2, 1, 0, 1, 2)",221677,154828,153120,151439,149791,148182,146610,145075,143579,142111,140677,139279,137913,136576,135267
"Z(0, 2, 1, 0, 2, 0)",221677,146060,140310,134863,129691,124774,120088,115617,111346,107256,103339,99587,95990,92537,89221
"Z(0, 2, 1, 0, 2, 1)",221677,145776,139868,134283,128989,123964,119180,114620,110269,106105,102120,98307,94653,91148,87784
"Z(0, 2, 1, 0, 2, 2)",221677,148098,143400,138902,134590,130455,126483,122664,118991,115448,112033,108741,105564,102496,99532
"Z(0, 2, 1, 0, 3, 0)",221677,146587,141087,135867,130906,126186,121685,117391,113289,109361,105600,101999,98547,95235,92055
"Z(0, 2, 1, 0, 3, 1)",221677,144166,137281,130855,124834,119176,113841,108803,104035,99511,95218,91141,87264,83574,80060
"Z(0, 2, 1, 0, 3, 2)",221677,147357,141860,136744,131968,127500,123309,119371,115667,112172,108875,105766,102830,100055,97430
"Z(0, 2, 1, 1, 0, 0)",221677,148679,144289,140068,136004,132093,128322,124684,121173,117773,114485,111304,108224,105240,102347
"Z(0, 2, 1, 1, 0, 1)",221677,145218,138815,132845,127251,121994,117033,112341,107896,103670,99651,95827,92181,88702,85380
"Z(0, 2, 1, 1, 0, 2)",221677,152747,150170,147656,145205,142822,140501,138241,136040,133888,131788,129742,127744,125792,123883
"Z(0, 2, 1, 1, 1, 0)",221677,147802,142977,138357,133928,129681,125602,121681,117909,114271,110764,107384,104123,100974,97931
"Z(0, 2, 1, 1, 1, 1)",221677,148849,144514,140349,136345,132496,128787,125213,121764,118428,115203,112085,109068,106146,103314
"Z(0, 2, 1, 1, 1, 2)",221677,155446,153984,152544,151131,149751,148402,147086,145802,144542,143312,142112,140940,139793,138670
"Z(0, 2, 1, 1, 2, 0)",221677,146276,140632,135282,130200,125365,120755,116354,112148,108116,104253,100550,96997,93585,90306
"Z(0, 2, 1, 1, 2, 1)",221677,145777,139869,134284,128991,123966,119182,114623,110272,106108,102124,98311,94657,91153,87790
"Z(0, 2, 1, 1, 2, 2)",221677,148456,143925,139583,135416,131417,127572,123871,120308,116867,113546,110343,107248,104256,101362
"Z(0, 2, 1, 1, 3, 0)",221677,146832,141447,136335,131474,126847,122433,118220,114193,110334,106638,103098,99702,96442,93310
"Z(0, 2, 1, 1, 3, 1)",221677,144167,137282,130857,124837,119179,113845,108806,104039,99516,95223,91147,87271,83582,80068
"Z(0, 2, 1, 1, 3, 2)",221677,147638,142272,137278,132616,128255,124165,120323,116709,113301,110087,107057,104196,101495,98942
"Z(1, 0, 0, 1, 0, 0)",221677,389632,394397,399017,403513,407910,412210,416424,420563,424604,428570,432473,436307,440072,443767
"Z(1, 0, 0, 1, 0, 1)",221677,160729,162578,164004,165063,165805,166264,166474,166464,166248,165854,165303,164610,163787,162846
"Z(1, 0, 0, 1, 0, 2)",221677,151176,148142,145128,142146,139206,136309,133460,130663,127910,125209,122563,119970,117428,114938
"Z(1, 0, 0, 1, 1, 0)",221677,352267,357716,363073,368356,373586,378763,383898,388997,394038,399043,404020,408963,413870,418741
"Z(1, 0, 0, 1, 1, 1)",221677,157172,156454,155725,154990,154254,153512,152768,152020,151258,150490,149716,148934,148141,147337
"Z(1, 0, 0, 1, 1, 2)",221677,157815,157659,157391,157024,156573,156042,155439,154772,154035,153242,152398,151505,150566,149583
"Z(1, 0, 0, 1, 2, 0)",221677,195368,198509,201621,204717,207807,210891,213975,217063,220144,223227,226319,229416,232517,235622
"Z(1, 0, 0, 1, 2, 1)",221677,166816,167953,168933,171026,172773,174211,175379,176307,177007,177511,177839,178005,178021,177900
"Z(1, 0, 0, 1, 2, 2)",221677,194450,196187,197707,199028,200172,201146,201964,203231,204554,205696,206674,207492,208868,210388
"Z(1, 0, 0, 1, 3, 0)",221677,239502,242163,244783,247378,249964,252542,255122,257708,260290,262881,265489,268112,270749,273400
"Z(1, 0, 0, 1, 3, 1)",221677,173044,174238,175632,176943,178172,179318,180391,181394,182320,183381,184443,185438,186366,187228
"Z(1, 0, 0, 1, 3, 2)",221677,275015,277145,279143,281028,282818,284514,286346,288152,289865,291502,293072,294572,296001,297557
"Z(1, 0, 1, 0, 0, 0)",221677,266986,270119,273153,276106,278994,281817,284584,287302,289955,292560,295124,297644,300119,302550
"Z(1, 0, 1, 0, 0, 1)",221677,160934,162857,164357,165492,166308,166841,167125,167187,167042,166717,166235,165609,164851,163974
"Z(1, 0, 1, 0, 0, 2)",221677,151214,148168,145150,142171,139241,136361,133535,130767,128049,125388,122787,120243,117756,115325
"Z(1, 0, 1, 0, 1, 0)",221677,192992,194952,196720,198562,200533,202441,204296,206103,207856,209565,211240,213214,215196,217110
"Z(1, 0, 1, 0, 1, 1)",221677,157338,156689,156028,155357,154682,154000,153313,152620,151911,151193,150467,149731,148983,148221
"Z(1, 0, 1, 0, 1, 2)",221677,157716,157512,157199,156792,156303,155738,155104,154410,153650,152836,151976,151070,150121,149131
"Z(1, 0, 1, 0, 2, 0)",221677,159227,159237,159244,159251,159262,159273,159285,159298,159301,159299,159294,159281,159259,159226
"Z(1, 0, 1, 0, 2, 1)",221677,167517,168723,169670,171457,173278,174790,176031,177030,177801,178374,178770,179003,179085,179028
"Z(1, 0, 1, 0, 2, 2)",221677,195100,196915,198515,199918,201145,202204,203107,204026,205428,206652,207713,208615,209492,211091
"Z(1, 0, 1, 0, 3, 0)",221677,203462,205023,206459,207787,209020,210310,211685,212972,214163,215272,216311,217674,218950,220139
"Z(1, 0, 1, 0, 3, 1)",221677,174781,176040,177198,178473,179773,180991,182133,183204,184196,185120,186112,187178,188176,189107
"Z(1, 0, 1, 0, 3, 2)",221677,278527,280718,282775,284715,286558,288306,289968,291827,293598,295290,296913,298463,299942,301357
"Z(1, 0, 1, 1, 0, 0)",221677,160548,161827,162857,163666,164278,164710,164979,165101,165079,164932,164673,164309,163848,163297
"Z(1, 0, 1, 1, 0, 1)",221677,161036,162995,164533,165703,166555,167122,167439,167533,167418,167121,166665,166062,165324,164464
"Z(1, 0, 1, 1, 0, 2)",221677,151980,149256,146548,143867,141223,138618,136056,133541,131066,128638,126261,123932,121651,119417
"Z(1, 0, 1, 1, 1, 0)",221677,202331,203881,205788,207488,209003,210339,211512,212532,213395,214490,215841,217023,218045,218915
"Z(1, 0, 1, 1, 1, 1)",221677,157464,156859,156242,155616,154987,154351,153709,153063,152401,151729,151051,150362,149661,148946
"Z(1, 0, 1, 1, 1, 2)",221677,158733,158908,158973,158940,158824,158627,158359,158026,157623,157162,156649,156085,155473,154815
"Z(1, 0, 1, 1, 2, 0)",221677,160821,161404,161987,162572,163163,163757,164354,164953,165542,166127,166710,167284,167848,168398
"Z(1, 0, 1, 1, 2, 1)",221677,167959,169213,170209,171718,173586,175145,176434,177483,178304,178928,179375,179660,179794,179790
"Z(1, 0, 1, 1, 2, 2)",221677,205133,206609,207909,209230,211007,212612,214060,215361,216508,217519,218405,219494,220794,221947
"Z(1, 0, 1, 1, 3, 0)",221677,237139,238954,240656,242262,243788,245358,246957,248488,249941,251329,252661,253935,255229,256576
"Z(1, 0, 1, 1, 3, 1)",221677,176415,177772,179029,180196,181286,182495,183732,184900,185991,187015,187979,188881,189845,190874
"Z(1, 0, 1, 1, 3, 2)",221677,340034,342623,345172,347592,349906,352117,354237,356274,358343,360401,362388,364301,366139,367905
"Z(1, 1, 0, 1, 0, 0)",221677,206176,207742,209302,210717,212005,213172,214800,216356,217767,219049,220217,221273,222224,223076
"Z(1, 1, 0, 1, 0, 1)",221677,324138,327168,329869,332268,334394,336256,337870,339423,341738,343790,345598,347163,348496,350707
"Z(1, 1, 0, 1, 0, 2)",221677,161601,163308,164755,165968,166971,167779,168410,168878,169187,169355,169396,169316,169124,168826
"Z(1, 1, 0, 1, 1, 0)",221677,456644,459938,463001,466197,469357,472334,475150,477819,480650,483629,486461,489142,491678,494073
"Z(1, 1, 0, 1, 1, 1)",221677,415325,418501,421419,424107,426592,429495,432275,434875,437273,439497,441569,444345,446944,449368
"Z(1, 1, 0, 1, 1, 2)",221677,210545,211984,213701,215313,216817,218216,219518,220731,221844,223123,224424,225637,226762,227802
"Z(1, 1, 0, 1, 2, 0)",221677,459000,462399,465615,468978,472191,475259,478200,481027,483718,486302,488923,491592,494158,496623
"Z(1, 1, 0, 1, 2, 1)",221677,603155,607466,611816,616183,620308,624195,627867,631341,635091,638965,642655,646155,649467,652593
"Z(1, 1, 0, 1, 2, 2)",221677,463021,466376,469687,473016,476178,479176,482029,484747,487580,490505,493310,495988,498542,500972
"Z(1, 1, 0, 1, 3, 0)",221677,1099263,1110040,1120437,1130523,1140371,1149989,1159415,1168678,1177721,1186609,1195380,1204019,1212529,1220911
"Z(1, 1, 0, 1, 3, 1)",221677,1605720,1622403,1638488,1654073,1669260,1684059,1698523,1712692,1726480,1739980,1753245,1766252,1779001,1791494
"Z(1, 1, 0, 1, 3, 2)",221677,1380561,1398049,1415101,1431797,1448224,1464387,1480333,1496091,1511586,1526897,1542069,1557080,1571929,1586614
"Z(1, 1, 1, 0, 0, 0)",221677,207141,208546,210149,211605,212935,214144,215545,217145,218599,219924,221135,222234,223227,224120
"Z(1, 1, 1, 0, 0, 1)",221677,324931,328001,330744,333184,335352,337255,338911,340337,342654,344748,346597,348205,349579,351564
"Z(1, 1, 1, 0, 0, 2)",221677,160866,162288,163455,164392,165125,165667,166038,166252,166311,166234,166036,165722,165302,164781
"Z(1, 1, 1, 0, 1, 0)",221677,456722,459931,463221,466501,469587,472486,475218,478026,481112,484026,486787,489392,491847,494157
"Z(1, 1, 1, 0, 1, 1)",221677,417082,420301,423261,425990,428516,431289,434111,436752,439191,441455,443559,446161,448803,451268
"Z(1, 1, 1, 0, 1, 2)",221677,201346,202877,204274,205551,206723,208147,209498,210752,211899,212953,214031,215401,216673,217849
"Z(1, 1, 1, 0, 2, 0)",221677,458685,462343,465782,469033,472129,475072,477882,480572,483428,486188,488840,491380,493810,496282
"Z(1, 1, 1, 0, 2, 1)",221677,606495,610874,615031,619468,623661,627615,631354,634892,638368,642311,646070,649637,653015,656206
"Z(1, 1, 1, 0, 2, 2)",221677,411573,414653,417510,420173,422917,425735,428396,430913,433264,435476,438013,440583,443014,445307
"Z(1, 1, 1, 0, 3, 0)",221677,1090531,1100782,1110639,1120172,1129452,1138487,1147316,1155966,1164381,1172627,1180740,1188706,1196527,1204204
"Z(1, 1, 1, 0, 3, 1)",221677,1617045,1633854,1650059,1665756,1681051,1695950,1710510,1724769,1738640,1752219,1765556,1778630,1791440,1803987
"Z(1, 1, 1, 0, 3, 2)",221677,1112604,1124961,1136930,1148580,1159980,1171135,1182083,1192851,1203377,1213728,1223937,1233990,1243885,1253623
"Z(1, 1, 1, 1, 0, 0)",221677,221592,223016,224342,226092,227670,229081,230336,231445,232958,234630,236143,237499,238701,239754
"Z(1, 1, 1, 1, 0, 1)",221677,325419,328516,331284,333750,335940,337864,339540,340983,343231,345349,347221,348850,350243,352092
"Z(1, 1, 1, 1, 0, 2)",221677,161814,163552,165045,166316,167390,168280,169001,169568,169983,170263,170422,170465,170399,170232
"Z(1, 1, 1, 1, 1, 0)",221677,520981,524912,528525,531854,535100,538770,542204,545414,548377,551127,554096,557510,560704,563683
"Z(1, 1, 1, 1, 1, 1)",221677,420656,423974,427031,429852,432466,434936,437859,440597,443130,445484,447674,449824,452569,455135
"Z(1, 1, 1, 1, 1, 2)",221677,216467,218169,219743,221206,222571,223850,225413,226889,228265,229557,230771,231907,232966,234210
"Z(1, 1, 1, 1, 2, 0)",221677,559884,563915,568010,572033,575846,579455,582880,586134,589607,593153,596547,599780,602856,605775
"Z(1, 1, 1, 1, 2, 1)",221677,614007,618621,622917,626935,631061,635248,639219,642989,646528,649874,653499,657299,660910,664334
"Z(1, 1, 1, 1, 2, 2)",221677,483545,487124,490798,494279,497599,500762,503786,506683,509477,512444,515300,518041,520667,523179
"Z(1, 1, 1, 1, 3, 0)",221677,1536388,1553430,1569916,1585939,1601598,1616897,1631891,1646615,1660985,1675093,1688987,1702645,1716066,1729252
"Z(1, 1, 1, 1, 3, 1)",221677,1682922,1701336,1719140,1736434,1753325,1769822,1785980,1801840,1817310,1832489,1847430,1862109,1876525,1890678
"Z(1, 1, 1, 1, 3, 2)",221677,1459318,1478493,1497224,1515594,1533696,1551533,1569155,1586592,1603765,1620757,1637616,1654317,1670859,1687241
"Z(1, 2, 0, 1, 0, 0)",221677,156518,156203,155657,154922,154033,153011,151880,150656,149346,147967,146533,145051,143525,141964
"Z(1, 2, 0, 1, 0, 1)",221677,152226,150020,147640,145155,142616,140051,137483,134926,132384,129869,127391,124949,122546,120184
"Z(1, 2, 0, 1, 0, 2)",221677,146703,141444,136385,131526,126863,122388,118095,113978,110023,106228,102588,99094,95740,92518
"Z(1, 2, 0, 1, 1, 0)",221677,190469,191420,192132,193201,194763,196030,197033,197798,199931,201728,203219,204427,205374,206081
"Z(1, 2, 0, 1, 1, 1)",221677,165336,166554,167599,169079,170608,171942,173104,174113,174975,175711,176335,176856,177280,177615
"Z(1, 2, 0, 1, 1, 2)",221677,154180,152343,150499,148658,146829,145014,143219,141446,139688,137954,136247,134564,132907,131274
"Z(1, 2, 0, 1, 2, 0)",221677,156951,156483,155878,155169,154383,153534,152636,151700,150723,149718,148692,147645,146579,145497
"Z(1, 2, 0, 1, 2, 1)",221677,166289,167313,169525,171720,173449,174782,175776,176477,176911,177117,177124,176951,176615,176133
"Z(1, 2, 0, 1, 2, 2)",221677,155897,155591,154936,154018,152901,151623,150219,148713,147115,145447,143724,141954,140145,138303
"Z(1, 2, 0, 1, 3, 0)",221677,181795,183227,184517,185683,186743,187706,188659,189904,191022,192033,192950,194280,195551,196696
"Z(1, 2, 0, 1, 3, 1)",221677,158208,158449,158453,158281,157978,157568,157075,156514,155888,155213,154500,153751,152972,152166
"Z(1, 2, 0, 1, 3, 2)",221677,159830,157997,156280,156793,157655,158934,160703,162456,164184,165897,167600,169288,170964,172625
"Z(1, 2, 1, 0, 0, 0)",221677,155875,155302,154504,153524,152397,151145,149790,148351,146834,145256,143631,141965,140265,138536
"Z(1, 2, 1, 0, 0, 1)",221677,152233,150033,147656,145175,142639,140077,137511,134956,132415,129902,127424,124982,122580,120217
"Z(1, 2, 1, 0, 0, 2)",221677,146989,141890,136975,132243,127694,123319,119113,115071,111180,107439,103844,100387,97061,93861
"Z(1, 2, 1, 0, 1, 0)",221677,185937,186605,187702,189294,190562,191539,192532,194739,196560,198043,199222,200122,200767,201177
"Z(1, 2, 1, 0, 1, 1)",221677,165423,166648,167700,169134,170672,172015,173186,174204,175073,175817,176448,176976,177406,177747
"Z(1, 2, 1, 0, 1, 2)",221677,154660,153044,151407,149759,148112,146467,144829,143203,141580,139970,138377,136799,135237,133689
"Z(1, 2, 1, 0, 2, 0)",221677,156370,155675,154846,153918,152918,151859,150756,149619,148446,147250,146037,144808,143565,142309
"Z(1, 2, 1, 0, 2, 1)",221677,166372,167403,169568,171771,173510,174851,175853,176562,177004,177217,177231,177065,176735,176259
"Z(1, 2, 1, 0, 2, 2)",221677,155789,155469,154796,153853,152704,151388,149940,148386,146736,145013,143234,141406,139537,137637
"Z(1, 2, 1, 0, 3, 0)",221677,177053,178187,179184,180061,181390,182602,183672,184618,186064,187457,188691,189778,190732,191565
"Z(1, 2, 1, 0, 3, 1)",221677,158221,158468,158478,158312,158013,157608,157118,156561,155937,155264,154553,153806,153027,152222
"Z(1, 2, 1, 0, 3, 2)",221677,154805,152928,151157,149495,147942,146489,145135,143874,142692,141596,142168,142751,143845,145028
"Z(1, 2, 1, 1, 0, 0)",221677,156453,156094,155511,154744,153828,152784,151636,150401,149083,147701,146269,144792,143276,141726
"Z(1, 2, 1, 1, 0, 1)",221677,152239,150039,147664,145185,142651,140091,137527,134976,132439,129929,127455,125018,122620,120262
"Z(1, 2, 1, 1, 0, 2)",221677,147860,143167,138631,134253,130035,125969,122053,118282,114643,111138,107763,104512,101378,98356
"Z(1, 2, 1, 1, 1, 0)",221677,190001,190949,191664,192742,194292,195550,196549,197384,199496,201270,202742,203935,204873,205575
"Z(1, 2, 1, 1, 1, 1)",221677,165449,166679,167736,169145,170687,172033,173207,174229,175104,175853,176491,177025,177463,177812
"Z(1, 2, 1, 1, 1, 2)",221677,155913,154797,153648,152476,151293,150100,148903,147705,146501,145298,144102,142910,141724,140543
"Z(1, 2, 1, 1, 2, 0)",221677,156859,156347,155701,154955,154134,153253,152327,151364,150364,149338,148293,147231,146152,145059
"Z(1, 2, 1, 1, 2, 1)",221677,166374,167407,169565,171768,173506,174848,175851,176562,177006,177222,177239,177076,176750,176278
"Z(1, 2, 1, 1, 2, 2)",221677,157392,157712,157657,157316,156753,156009,155119,154108,152985,151775,150492,149144,147740,146287
"Z(1, 2, 1, 1, 3, 0)",221677,182674,184358,185963,187502,188990,190427,191823,193182,194497,195779,197120,198496,199851,201187
"Z(1, 2, 1, 1, 3, 1)",221677,158229,158477,158489,158325,158029,157627,157141,156589,155970,155303,154598,153857,153086,152289
"Z(1, 2, 1, 1, 3, 2)",221677,169413,171027,173188,175314,177414,179488,181544,183583,185597,187595,189583,191557,193518,195466
"Z(2, 0, 0, 1, 0, 0)",221677,152777,150409,148039,145677,143334,141011,138713,136443,134195,131978,129793,127641,125520,123430
"Z(2, 0, 0, 1, 0, 1)",221677,150776,147368,144058,140843,137725,134696,131755,128897,126112,123402,120766,118198,115696,113257
"Z(2, 0, 0, 1, 0, 2)",221677,160272,160942,161522,162024,162459,162829,163142,163403,163604,163756,163866,163931,163953,163934
"Z(2, 0, 0, 1, 1, 0)",221677,145892,139950,134356,129075,124080,119344,114845,110567,106487,102596,98883,95336,91944,88698
"Z(2, 0, 0, 1, 1, 1)",221677,153014,150714,148417,146134,143872,141633,139421,137238,135076,132944,130844,128773,126732,124719
"Z(2, 0, 0, 1, 1, 2)",221677,158362,158274,158113,157891,157619,157300,156941,156546,156110,155641,155145,154622,154073,153497
"Z(2, 0, 0, 1, 2, 0)",221677,153127,150951,148752,146543,144335,142131,139936,137755,135582,133425,131289,129172,127075,124998
"Z(2, 0, 0, 1, 2, 1)",221677,147227,141962,136985,132267,127786,123518,119446,115557,111830,108258,104835,101548,98389,95351
"Z(2, 0, 0, 1, 2, 2)",221677,147133,141883,136900,132161,127649,123342,119227,115291,111515,107893,104419,101082,97874,94787
"Z(2, 0, 0, 1, 3, 0)",221677,147816,143097,138542,134150,129918,125837,121902,118107,114439,110898,107482,104182,100993,97912
"Z(2, 0, 0, 1, 3, 1)",221677,149477,145572,141768,138066,134470,130973,127575,124272,121055,117926,114884,111925,109044,106240
"Z(2, 0, 0, 1, 3, 2)",221677,150546,147158,143830,140568,137379,134260,131214,128239,125328,122485,119711,117003,114358,111774
"Z(2, 0, 1, 0, 0, 0)",221677,155424,154149,152835,151493,150135,148763,147382,145996,144600,143203,141809,140417,139028,137643
"Z(2, 0, 1, 0, 0, 1)",221677,150859,147478,144194,141008,137920,134922,132012,129187,126435,123758,121156,118624,116157,113753
"Z(2, 0, 1, 0, 0, 2)",221677,170718,172030,173293,174487,175623,176702,177731,178847,179933,180971,181970,182925,183839,184711
"Z(2, 0, 1, 0, 1, 0)",221677,146802,141298,136109,131203,126556,122142,117941,113939,110114,106458,102963,99617,96410,93333
"Z(2, 0, 1, 0, 1, 1)",221677,153054,150769,148487,146218,143971,141747,139549,137380,135233,133115,131028,128972,126943,124944
"Z(2, 0, 1, 0, 1, 2)",221677,161426,162502,163493,164410,165264,166057,166795,167483,168114,168697,169238,169735,170190,170603
"Z(2, 0, 1, 0, 2, 0)",221677,155865,154806,153690,152530,151338,150116,148871,147607,146319,145015,143701,142375,141040,139695
"Z(2, 0, 1, 0, 2, 1)",221677,147300,142057,137104,132411,127956,123715,119671,115811,112112,108570,105177,101921,98793,95786
"Z(2, 0, 1, 0, 2, 2)",221677,148118,143333,138782,134446,130309,126351,122560,118925,115428,112065,108831,105716,102712,99814
"Z(2, 0, 1, 0, 3, 0)",221677,149328,145317,141424,137649,133991,130445,127006,123672,120431,117285,114232,111266,108385,105584
"Z(2, 0, 1, 0, 3, 1)",221677,149525,145638,141851,138167,134588,131109,127728,124442,121242,118130,115105,112162,109298,106509
"Z(2, 0, 1, 0, 3, 2)",221677,152365,149771,147198,144655,142148,139678,137246,134855,132496,130176,127896,125655,123450,121281
"Z(2, 0, 1, 1, 0, 0)",221677,157309,156808,156243,155624,154964,154263,153528,152764,151964,151138,150290,149420,148527,147615
"Z(2, 0, 1, 1, 0, 1)",221677,150883,147505,144227,141047,137967,134978,132078,129265,126525,123862,121274,118757,116306,113918
"Z(2, 0, 1, 1, 0, 2)",221677,205978,207501,208971,210451,211872,213233,214543,215806,217012,218213,219437,220619,221760,222861
"Z(2, 0, 1, 1, 1, 0)",221677,147434,142231,137321,132675,128268,124077,120085,116277,112631,109143,105803,102601,99528,96577
"Z(2, 0, 1, 1, 1, 1)",221677,153057,150772,148490,146222,143976,141753,139556,137390,135245,133129,131045,128991,126966,124969
"Z(2, 0, 1, 1, 1, 2)",221677,173911,175247,176501,177686,178812,179929,181076,182175,183218,184214,185171,186139,187174,188166
"Z(2, 0, 1, 1, 2, 0)",221677,157818,157539,157184,156766,156296,155777,155216,154617,153974,153296,152591,151855,151091,150300
"Z(2, 0, 1, 1, 2, 1)",221677,147323,142083,137134,132447,127999,123767,119734,115884,112198,108669,105290,102048,98936,95945
"Z(2, 0, 1, 1, 2, 2)",221677,148898,144478,140268,136249,132408,128727,125194,121800,118528,115375,112336,109403,106569,103828
"Z(2, 0, 1, 1, 3, 0)",221677,150434,146930,143513,140184,136946,133792,130721,127732,124813,121967,119194,116491,113853,111278
"Z(2, 0, 1, 1, 3, 1)",221677,149535,145648,141863,138182,134606,131130,127753,124472,121277,118170,115150,112213,109355,106572
"Z(2, 0, 1, 1, 3, 2)",221677,153882,151932,149978,148027,146087,144159,142246,140352,138467,136599,134751,132922,131110,129315
"Z(2, 1, 0, 1, 0, 0)",221677,157506,157418,157156,156745,156207,155554,154803,153966,153044,152051,151000,149893,148737,147536
"Z(2, 1, 0, 1, 0, 1)",221677,161733,164402,166473,168041,169189,169970,170437,170629,170569,170295,169833,169200,168415,167493
"Z(2, 1, 0, 1, 0, 2)",221677,188363,189773,191044,192191,193506,194969,196317,197556,198680,199701,200627,201515,202711,203802
"Z(2, 1, 0, 1, 1, 0)",221677,152817,150441,148054,145679,143331,141015,138737,136498,134291,132123,129996,127906,125853,123835
"Z(2, 1, 0, 1, 1, 1)",221677,198329,199715,201271,202695,204001,205193,206281,207694,209102,210399,211595,212689,213685,214585
"Z(2, 1, 0, 1, 1, 2)",221677,265646,267575,269364,271301,273149,274893,276541,278102,279561,281283,282942,284518,286010,287420
"Z(2, 1, 0, 1, 2, 0)",221677,168165,169382,170353,171549,173431,175022,176352,177442,178301,178955,179423,179715,179843,179818
"Z(2, 1, 0, 1, 2, 1)",221677,158811,159316,159562,159617,159532,159336,159056,158708,158298,157841,157349,156826,156275,155700
"Z(2, 1, 0, 1, 2, 2)",221677,157567,157418,157071,156592,156027,155403,154742,154058,153352,152641,151931,151225,150526,149835
"Z(2, 1, 0, 1, 3, 0)",221677,161782,163498,164947,166172,167210,168082,168810,169410,169885,170252,170524,170706,170803,170820
"Z(2, 1, 0, 1, 3, 1)",221677,203166,205195,206989,208572,209965,211178,212227,213124,214073,215491,216730,217798,218704,219819
"Z(2, 1, 0, 1, 3, 2)",221677,188882,190376,191682,192818,193806,194652,195884,197182,198305,199275,200107,201698,203120,204363
"Z(2, 1, 1, 0, 0, 0)",221677,158060,158194,158149,157948,157615,157162,156605,155956,155216,154401,153522,152582,151587,150542
"Z(2, 1, 1, 0, 0, 1)",221677,161794,164483,166574,168165,169334,170137,170626,170841,170804,170551,170112,169502,168739,167839
"Z(2, 1, 1, 0, 0, 2)",221677,169388,170679,172025,173212,174256,175164,176393,177797,179040,180140,181109,181950,182669,183272
"Z(2, 1, 1, 0, 1, 0)",221677,153077,150806,148520,146244,143992,141770,139582,137431,135311,133226,131180,129170,127194,125250
"Z(2, 1, 1, 0, 1, 1)",221677,199131,200434,201977,203434,204774,206000,207122,208357,209799,211130,212360,213489,214519,215453
"Z(2, 1, 1, 0, 1, 2)",221677,211575,213126,214554,215938,217541,219042,220452,221776,223004,224150,225221,226526,227762,228917
"Z(2, 1, 1, 0, 2, 0)",221677,170542,171994,173197,174177,175137,176979,178557,179892,180994,181888,182592,183117,183475,183676
"Z(2, 1, 1, 0, 2, 1)",221677,158860,159381,159644,159716,159648,159471,159209,158880,158489,158052,157581,157078,156548,155994
"Z(2, 1, 1, 0, 2, 2)",221677,156129,155449,154575,153571,152482,151333,150148,148940,147712,146479,145250,144026,142810,141605
"Z(2, 1, 1, 0, 3, 0)",221677,162948,164273,165930,167363,168608,169685,170617,171419,172094,172660,173130,173507,173797,174005
"Z(2, 1, 1, 0, 3, 1)",221677,203661,205726,207558,209177,210607,211858,212944,213879,214671,216126,217403,218508,219452,220354
"Z(2, 1, 1, 0, 3, 2)",221677,173863,175385,176797,177941,178853,180507,182309,183820,185058,186059,186849,187444,187861,188114
"Z(2, 1, 1, 1, 0, 0)",221677,159479,160143,160625,160948,161134,161194,161143,160993,160744,160410,160003,159526,158983,158380
"Z(2, 1, 1, 1, 0, 1)",221677,161824,164519,166618,168217,169397,170212,170713,170941,170919,170682,170259,169666,168921,168040
"Z(2, 1, 1, 1, 0, 2)",221677,195636,197102,198643,200085,201444,202721,203923,205057,206147,207382,208552,209657,210696,211671
"Z(2, 1, 1, 1, 1, 0)",221677,153683,151645,149590,147539,145511,143508,141537,139601,137691,135815,133974,132166,130389,128642
"Z(2, 1, 1, 1, 1, 1)",221677,199389,200707,202188,203659,205014,206255,207393,208546,210002,211347,212592,213736,214782,215732
"Z(2, 1, 1, 1, 1, 2)",221677,299638,301917,304063,306094,308030,310037,312026,313939,315761,317510,319195,320814,322521,324198
"Z(2, 1, 1, 1, 2, 0)",221677,178894,179970,180865,182013,183393,184582,185596,186449,187771,189297,190628,191776,192749,193557
"Z(2, 1, 1, 1, 2, 1)",221677,158886,159412,159681,159761,159703,159535,159284,158969,158591,158169,157713,157226,156714,156178
"Z(2, 1, 1, 1, 2, 2)",221677,157423,157219,156816,156281,155663,154989,154282,153558,152818,152077,151344,150622,149911,149216
"Z(2, 1, 1, 1, 3, 0)",221677,168253,169295,170662,171890,173001,174002,175053,176371,177562,178644,179629,180521,181324,182044
"Z(2, 1, 1, 1, 3, 1)",221677,203922,205960,207813,209455,210909,212183,213294,214254,215060,216420,217720,218851,219820,220637
"Z(2, 1, 1, 1, 3, 2)",221677,187096,188518,189757,190834,191768,192636,194034,195261,196320,197232,198417,199935,201268,202431
"Z(2, 2, 0, 1, 0, 0)",221677,151647,148678,145767,142918,140133,137411,134751,132152,129604,127112,124677,122294,119961,117676
"Z(2, 2, 0, 1, 0, 1)",221677,146635,140912,135564,130547,125824,121363,117140,113134,109321,105691,102232,98932,95779,92764
"Z(2, 2, 0, 1, 0, 2)",221677,155629,154491,153299,152061,150788,149481,148145,146786,145397,143987,142562,141121,139666,138198
"Z(2, 2, 0, 1, 1, 0)",221677,144831,138283,132165,126425,121022,115921,111095,106520,102171,98036,94102,90354,86779,83366
"Z(2, 2, 0, 1, 1, 1)",221677,154283,152345,150444,148584,146771,145003,143282,141606,139967,138369,136814,135298,133818,132373
"Z(2, 2, 0, 1, 1, 2)",221677,157977,157716,157393,157020,156608,156160,155684,155183,154653,154103,153539,152961,152370,151767
"Z(2, 2, 0, 1, 2, 0)",221677,148349,143826,139473,135282,131248,127359,123608,119989,116487,113102,109832,106667,103604,100636
"Z(2, 2, 0, 1, 2, 1)",221677,144918,138412,132334,126631,121262,116192,111394,106845,102520,98405,94490,90757,87196,83797
"Z(2, 2, 0, 1, 2, 2)",221677,144848,138347,132269,126560,121177,116083,111253,106663,102288,98119,94142,90344,86713,83239
"Z(2, 2, 0, 1, 3, 0)",221677,146393,140750,135414,130358,125559,120995,116649,112506,108545,104759,101139,97675,94357,91175
"Z(2, 2, 0, 1, 3, 1)",221677,145082,138722,132751,127130,121826,116807,112051,107537,103241,99152,95259,91548,88007,84625
"Z(2, 2, 0, 1, 3, 2)",221677,146538,140794,135426,130383,125632,121139,116880,112835,108982,105311,101811,98469,95275,92220
"Z(2, 2, 1, 0, 0, 0)",221677,150965,147696,144500,141380,138339,135374,132483,129666,126913,124226,121607,119051,116555,114116
"Z(2, 2, 1, 0, 0, 1)",221677,146654,140942,135605,130597,125882,121428,117210,113209,109400,105774,102318,99020,95869,92855
"Z(2, 2, 1, 0, 0, 2)",221677,150998,147784,144630,141539,138518,135564,132676,129856,127093,124393,121757,119181,116663,114200
"Z(2, 2, 1, 0, 1, 0)",221677,144615,137958,131740,125908,120422,115245,110350,105714,101309,97123,93143,89354,85743,82298
"Z(2, 2, 1, 0, 1, 1)",221677,154362,152457,150587,148757,146974,145235,143541,141892,140278,138705,137175,135682,134225,132802
"Z(2, 2, 1, 0, 1, 2)",221677,152995,150543,148140,145790,143502,141273,139106,137000,134946,132949,131012,129130,127300,125522
"Z(2, 2, 1, 0, 2, 0)",221677,147857,143101,138531,134139,129918,125855,121943,118175,114536,111024,107637,104366,101205,98149
"Z(2, 2, 1, 0, 2, 1)",221677,144931,138434,132363,126666,121303,116238,111443,106898,102574,98462,94548,90816,87256,83856
"Z(2, 2, 1, 0, 2, 2)",221677,143136,135705,128789,122326,116269,110575,105212,100153,95368,90842,86557,82495,78643,74986
"Z(2, 2, 1, 0, 3, 0)",221677,146066,140257,134769,129573,124649,119970,115520,111282,107236,103374,99687,96161,92789,89560
"Z(2, 2, 1, 0, 3, 1)",221677,145107,138759,132801,127190,121895,116885,112136,107629,103339,99256,95368,91660,88122,84743
"Z(2, 2, 1, 0, 3, 2)",221677,144441,137592,131220,125270,119699,114467,109545,104906,100523,96379,92461,88750,85232,81894
"Z(2, 2, 1, 1, 0, 0)",221677,151859,148972,146142,143372,140666,138020,135435,132909,130434,128013,125647,123333,121067,118848
"Z(2, 2, 1, 1, 0, 1)",221677,146679,140976,135648,130649,125943,121497,117289,113297,109496,105878,102432,99142,96000,92994
"Z(2, 2, 1, 1, 0, 2)",221677,158896,158874,158822,158746,158652,158536,158402,158249,158069,157869,157652,157414,157156,156876
"Z(2, 2, 1, 1, 1, 0)",221677,144872,138344,132244,126520,121134,116047,111235,106674,102337,98214,94291,90553,86988,83585
"Z(2, 2, 1, 1, 1, 1)",221677,154387,152492,150632,148812,147038,145308,143623,141982,140377,138812,137289,135804,134354,132938
"Z(2, 2, 1, 1, 1, 2)",221677,161574,162503,163410,164301,165183,166054,166917,167774,168613,169442,170265,171078,171879,172668
"Z(2, 2, 1, 1, 2, 0)",221677,148483,144016,139716,135577,131593,127752,124047,120473,117015,113672,110442,107317,104291,101360
"Z(2, 2, 1, 1, 2, 1)",221677,144946,138455,132390,126699,121341,116281,111492,106952,102634,98526,94616,90890,87334,83939
"Z(2, 2, 1, 1, 2, 2)",221677,145265,138902,132972,127414,122183,117240,112558,108113,103880,99846,96000,92327,88815,85455
"Z(2, 2, 1, 1, 3, 0)",221677,146496,140894,135597,130580,125819,121293,116983,112876,108951,105200,101615,98185,94900,91752
"Z(2, 2, 1, 1, 3, 1)",221677,145121,138780,132827,127222,121933,116928,112184,107681,103395,99315,95431,91727,88192,84817
"Z(2, 2, 1, 1, 3, 2)",221677,147180,141667,136535,131730,127214,122952,118919,115095,111455,107988,104684,101530,98515,95629
